ARTWORK,DATE,SOURCE TITLE,SOURCE IMAGE
"src: https://static.jojowiki.com/images/thumb/7/7b/latest/20230101214917/Mummy_Shonen_Thunder.png/120px-Mummy_Shonen_Thunder.png
alt: Mummy Shonen Thunder.png
",1970~,"""Shonen Thunder Issue #4"" (Fanzine)","src: https://static.jojowiki.com/images/thumb/5/5a/latest/20230101215122/Shonen_Thunder_Issue_4_2.jpg/120px-Shonen_Thunder_Issue_4_2.jpg
alt: Shonen Thunder Issue 4 2.jpg
src: https://static.jojowiki.com/images/thumb/0/07/latest/20230101215121/Shonen_Thunder_Issue_4.jpg/120px-Shonen_Thunder_Issue_4.jpg
alt: Shonen Thunder Issue 4.jpg
"
"src: https://static.jojowiki.com/images/thumb/d/d9/latest/20200412091310/The_Bottle.png/120px-The_Bottle.png
alt: The Bottle.png
","January 2, 1978",Weekly Shonen Jump 1978 Issue #1 (Inside Illustration),"src: https://static.jojowiki.com/images/thumb/7/79/latest/20201102174601/Weekly_Jump_January_2_1978.jpg/120px-Weekly_Jump_January_2_1978.jpg
alt: Weekly Jump January 2 1978.jpg
"
"src: https://static.jojowiki.com/images/thumb/7/77/latest/20210916025925/BT_WSJ_1982_Issue_45_Illustration.png/120px-BT_WSJ_1982_Issue_45_Illustration.png
alt: BT WSJ 1982 Issue 45 Illustration.png
","October 25, 1982",Weekly Shonen Jump 1982 Issue #45 (Inside Illustration),"src: https://static.jojowiki.com/images/thumb/a/a8/latest/20210919034324/Weekly_Shonen_Jump_October_25_1982.png/120px-Weekly_Shonen_Jump_October_25_1982.png
alt: Weekly Shonen Jump October 25 1982.png
"
"src: https://static.jojowiki.com/images/thumb/9/9c/latest/20220614013639/BT_WSJ_1982_No_46_Comic_Revolution.png/120px-BT_WSJ_1982_No_46_Comic_Revolution.png
alt: BT WSJ 1982 No 46 Comic Revolution.png
","November 1, 1982",Weekly Shonen Jump 1982 Issue #46 (Inside Illustration),"src: https://static.jojowiki.com/images/thumb/2/26/latest/20220614013357/WSJ_1982_No_46_Comic_Revolution.png/120px-WSJ_1982_No_46_Comic_Revolution.png
alt: WSJ 1982 No 46 Comic Revolution.png
src: https://static.jojowiki.com/images/thumb/b/b0/latest/20220614013229/Weekly_Shonen_Jump_1982_Issue_46.jpg/120px-Weekly_Shonen_Jump_1982_Issue_46.jpg
alt: Weekly Shonen Jump 1982 Issue 46.jpg
"
"src: https://static.jojowiki.com/images/thumb/c/cb/latest/20210916030837/CSBT_Series_Preview_WSJ.png/120px-CSBT_Series_Preview_WSJ.png
alt: CSBT Series Preview WSJ.png
src: https://static.jojowiki.com/images/thumb/5/5c/latest/20210820191723/WSJ_BT_announcement.jpg/120px-WSJ_BT_announcement.jpg
alt: WSJ BT announcement.jpg
","September 26, 1983",Weekly Shonen Jump 1983 Issue #41 (Next Issue Illustration),"src: https://static.jojowiki.com/images/thumb/6/6e/latest/20211103200252/B.T._WSJ-41_1983.jpg/120px-B.T._WSJ-41_1983.jpg
alt: B.T. WSJ-41 1983.jpg
src: https://static.jojowiki.com/images/thumb/a/aa/latest/20211103200252/Weekly_Jump_September_26_1983.png/120px-Weekly_Jump_September_26_1983.png
alt: Weekly Jump September 26 1983.png
"
"src: https://static.jojowiki.com/images/thumb/2/2d/latest/20211103201210/WSJ_BT_cover.jpg/120px-WSJ_BT_cover.jpg
alt: WSJ BT cover.jpg
","October 3, 1983",Weekly Shonen Jump 1983 Issue #42 (Cover),"src: https://static.jojowiki.com/images/thumb/d/d1/latest/20210219190456/Weekly_Jump_October_3_1983.jpg/120px-Weekly_Jump_October_3_1983.jpg
alt: Weekly Jump October 3 1983.jpg
"
"src: https://static.jojowiki.com/images/thumb/f/fc/latest/20210916032349/BT_WSJ_contents.png/120px-BT_WSJ_contents.png
alt: BT WSJ contents.png
","October 3, 1983",Weekly Shonen Jump 1983 Issue #42 (Table of Contents Illustration),"src: https://static.jojowiki.com/images/thumb/a/ad/latest/20211104051857/WSJ_1983-42_Contents.jpg/120px-WSJ_1983-42_Contents.jpg
alt: WSJ 1983-42 Contents.jpg
src: https://static.jojowiki.com/images/thumb/d/d1/latest/20210219190456/Weekly_Jump_October_3_1983.jpg/120px-Weekly_Jump_October_3_1983.jpg
alt: Weekly Jump October 3 1983.jpg
"
"src: https://static.jojowiki.com/images/thumb/a/a3/latest/20191015214459/WSJ1983No42T.png/120px-WSJ1983No42T.png
alt: WSJ1983No42T.png
","October 3, 1983",Weekly Shonen Jump 1983 Issue #42 (Title Page),"src: https://static.jojowiki.com/images/thumb/7/7a/latest/20210915030344/Cool_Shock_B.T._Ch.1.jpg/120px-Cool_Shock_B.T._Ch.1.jpg
alt: Cool Shock B.T. Ch.1.jpg
"
"src: https://static.jojowiki.com/images/thumb/d/d8/latest/20220526043451/CSBT_Color_Page_Pg._1_Clean.jpg/120px-CSBT_Color_Page_Pg._1_Clean.jpg
alt: CSBT Color Page Pg. 1 Clean.jpg
","October 3, 1983",Weekly Shonen Jump 1983 Issue #42 (Color Page),"src: https://static.jojowiki.com/images/thumb/c/c9/latest/20210915034254/WSJ1983CSBT_Color_1.png/120px-WSJ1983CSBT_Color_1.png
alt: WSJ1983CSBT Color 1.png
"
"src: https://static.jojowiki.com/images/thumb/3/3d/latest/20210915025258/WSJ1983CSBT_Color_2.png/120px-WSJ1983CSBT_Color_2.png
alt: WSJ1983CSBT Color 2.png
","October 3, 1983",Weekly Shonen Jump 1983 Issue #42 (Color Page),"src: https://static.jojowiki.com/images/thumb/3/3d/latest/20210915025258/WSJ1983CSBT_Color_2.png/120px-WSJ1983CSBT_Color_2.png
alt: WSJ1983CSBT Color 2.png
"
"src: https://static.jojowiki.com/images/thumb/8/8b/latest/20210915031511/WSJ1983CSBT_Color_3.jpg/120px-WSJ1983CSBT_Color_3.jpg
alt: WSJ1983CSBT Color 3.jpg
","October 3, 1983",Weekly Shonen Jump 1983 Issue #42 (Color Page),"src: https://static.jojowiki.com/images/thumb/8/8b/latest/20210915031511/WSJ1983CSBT_Color_3.jpg/120px-WSJ1983CSBT_Color_3.jpg
alt: WSJ1983CSBT Color 3.jpg
"
"src: https://static.jojowiki.com/images/thumb/3/38/latest/20210111001456/CSBT_1983.png/120px-CSBT_1983.png
alt: CSBT 1983.png
","October 10, 1983",Weekly Shonen Jump 1983 Issue #43 (Cover),"src: https://static.jojowiki.com/images/thumb/f/f7/latest/20211103175318/Weekly_Jump_October_10%2C_1983.jpg/120px-Weekly_Jump_October_10%2C_1983.jpg
alt: Weekly Jump October 10, 1983.jpg
"
"src: https://static.jojowiki.com/images/thumb/e/e4/latest/20220403071824/CoolShockBT_Spine_Volume.png/85px-CoolShockBT_Spine_Volume.png
alt: CoolShockBT Spine Volume.png
","October 1, 1984",Jump Comics Cool Shock B.T. Volume 1 (Spine Illustration),"src: https://static.jojowiki.com/images/thumb/0/04/latest/20210922055635/CoolShockCoverSpine.png/120px-CoolShockCoverSpine.png
alt: CoolShockCoverSpine.png
"
"src: https://static.jojowiki.com/images/thumb/0/06/latest/20220325202129/Baoh_WSJ-44_1984.jpg/120px-Baoh_WSJ-44_1984.jpg
alt: Baoh WSJ-44 1984.jpg
src: https://static.jojowiki.com/images/thumb/6/69/latest/20220325201559/Baoh_WSJ-44_1984-2.jpg/120px-Baoh_WSJ-44_1984-2.jpg
alt: Baoh WSJ-44 1984-2.jpg
","October 15, 1984",Weekly Shonen Jump 1984 Issue #44 (Next Issue Illustration),"src: https://static.jojowiki.com/images/thumb/5/58/latest/20220325150129/Weekly_Jump_October_15_1984.jpg/120px-Weekly_Jump_October_15_1984.jpg
alt: Weekly Jump October 15 1984.jpg
"
"src: https://static.jojowiki.com/images/thumb/e/e4/latest/20200116204307/WSJ1984No45C.jpg/120px-WSJ1984No45C.jpg
alt: WSJ1984No45C.jpg
","October 22, 1984",Weekly Shonen Jump 1984 Issue #45 (Cover),"src: https://static.jojowiki.com/images/thumb/e/e4/latest/20200116204307/WSJ1984No45C.jpg/120px-WSJ1984No45C.jpg
alt: WSJ1984No45C.jpg
"
"src: https://static.jojowiki.com/images/thumb/7/78/latest/20210903024216/Baoh_page_1_magazine.jpg/120px-Baoh_page_1_magazine.jpg
alt: Baoh page 1 magazine.jpg
","October 22, 1984",Weekly Shonen Jump 1984 Issue #45 (Color Page),"src: https://static.jojowiki.com/images/thumb/7/78/latest/20210903024216/Baoh_page_1_magazine.jpg/120px-Baoh_page_1_magazine.jpg
alt: Baoh page 1 magazine.jpg
"
"src: https://static.jojowiki.com/images/thumb/f/fe/latest/20210903035151/WSJ1984No45T.png/120px-WSJ1984No45T.png
alt: WSJ1984No45T.png
","October 22, 1984",Weekly Shonen Jump 1984 Issue #45 (Title Page),"src: https://static.jojowiki.com/images/thumb/f/fe/latest/20210903035151/WSJ1984No45T.png/120px-WSJ1984No45T.png
alt: WSJ1984No45T.png
"
"src: https://static.jojowiki.com/images/thumb/d/d6/latest/20210915041203/Baoh_page_4_magazine.jpg/120px-Baoh_page_4_magazine.jpg
alt: Baoh page 4 magazine.jpg
","October 22, 1984",Weekly Shonen Jump 1984 Issue #45 (Color Page),"src: https://static.jojowiki.com/images/thumb/d/d6/latest/20210915041203/Baoh_page_4_magazine.jpg/120px-Baoh_page_4_magazine.jpg
alt: Baoh page 4 magazine.jpg
"
"src: https://static.jojowiki.com/images/thumb/c/ce/latest/20211007043745/Baoh_WSJ_vol46_%282%29.jpg/120px-Baoh_WSJ_vol46_%282%29.jpg
alt: Baoh WSJ vol46 (2).jpg
","October 22, 1984",Weekly Shonen Jump 1984 Issue #45 (Next Issue Illustration),"src: https://static.jojowiki.com/images/thumb/9/9a/latest/20210916020256/Baoh_WSJ_vol46_announcement.jpg/120px-Baoh_WSJ_vol46_announcement.jpg
alt: Baoh WSJ vol46 announcement.jpg
"
"src: https://static.jojowiki.com/images/thumb/e/ef/latest/20221031212359/WSJ_1984_No.46_Next_Issue_%282%29_Baoh.png/120px-WSJ_1984_No.46_Next_Issue_%282%29_Baoh.png
alt: WSJ 1984 No.46 Next Issue (2) Baoh.png
","October 22, 1984",Weekly Shonen Jump 1984 Issue #45 (Next Issue Illustration),"src: https://static.jojowiki.com/images/thumb/d/d1/latest/20221031211840/WSJ_1984_No.46_Next_Issue_%282%29.png/120px-WSJ_1984_No.46_Next_Issue_%282%29.png
alt: WSJ 1984 No.46 Next Issue (2).png
"
"src: https://static.jojowiki.com/images/thumb/7/7d/latest/20200116204530/WSJ1985WinterSpecialC.png/120px-WSJ1985WinterSpecialC.png
alt: WSJ1985WinterSpecialC.png
",Autumn 1985,Weekly Shonen Jump 1985 Autumn Special (Cover),"src: https://static.jojowiki.com/images/thumb/5/52/latest/20201102200853/WSJAutumnSpecial.jpg/120px-WSJAutumnSpecial.jpg
alt: WSJAutumnSpecial.jpg
"
"src: https://static.jojowiki.com/images/thumb/8/80/latest/20220323033943/Gorgeous_Irene_WSJ_Contents.png/120px-Gorgeous_Irene_WSJ_Contents.png
alt: Gorgeous Irene WSJ Contents.png
",Autumn 1985,Weekly Shonen Jump 1985 Autumn Special (Table of Contents Illustration),"src: https://static.jojowiki.com/images/thumb/9/97/latest/20211105040411/WSJ_Autumn_Special_1985_Contents.jpg/120px-WSJ_Autumn_Special_1985_Contents.jpg
alt: WSJ Autumn Special 1985 Contents.jpg
src: https://static.jojowiki.com/images/thumb/5/52/latest/20201102200853/WSJAutumnSpecial.jpg/120px-WSJAutumnSpecial.jpg
alt: WSJAutumnSpecial.jpg
"
"src: https://static.jojowiki.com/images/thumb/d/d8/latest/20200116204428/WSJ1985WinterSpecialT.png/120px-WSJ1985WinterSpecialT.png
alt: WSJ1985WinterSpecialT.png
",Autumn 1985,Weekly Shonen Jump 1985 Autumn Special (Title Page),"src: https://static.jojowiki.com/images/thumb/1/11/latest/20200227062839/GorgeousIreneTitlePage.png/120px-GorgeousIreneTitlePage.png
alt: GorgeousIreneTitlePage.png
"
"src: https://static.jojowiki.com/images/thumb/e/e5/latest/20220826190848/BaohJumpComics1.png/120px-BaohJumpComics1.png
alt: BaohJumpComics1.png
","September 1, 1985",Baoh the Visitor Jump Comics Volume 1 (Cover),"src: https://static.jojowiki.com/images/thumb/0/07/latest/20201207180528/Baoh_Volume_001.png/120px-Baoh_Volume_001.png
alt: Baoh Volume 001.png
"
"src: https://static.jojowiki.com/images/thumb/1/16/latest/20220826191510/BaohJumpComics2.png/120px-BaohJumpComics2.png
alt: BaohJumpComics2.png
","November 1, 1985",Baoh the Visitor Jump Comics Volume 2 (Cover),"src: https://static.jojowiki.com/images/thumb/e/e9/latest/20201111035643/Baoh_Volume_002.png/120px-Baoh_Volume_002.png
alt: Baoh Volume 002.png
"
"src: https://static.jojowiki.com/images/thumb/0/06/latest/20220826184036/BaohSpineC.png/120px-BaohSpineC.png
alt: BaohSpineC.png
src: https://static.jojowiki.com/images/thumb/c/c5/latest/20200116203019/BaohSpine.jpg/120px-BaohSpine.jpg
alt: BaohSpine.jpg
","September 1, 1985 -November 1, 1985",Baoh the Visitor Jump Comics Volume (Spine Illustration),"src: https://static.jojowiki.com/images/thumb/6/6b/latest/20191015213536/BaohSpineVolume.jpg/18px-BaohSpineVolume.jpg
alt: BaohSpineVolume.jpg
"
"src: https://static.jojowiki.com/images/thumb/e/e4/latest/20210920192419/ArakiAutographOct1985-Baoh.png/120px-ArakiAutographOct1985-Baoh.png
alt: ArakiAutographOct1985-Baoh.png
",October 1985,Ikuro illustration (Autograph),"src: https://static.jojowiki.com/images/thumb/e/e0/latest/20220409184848/October_1985_Ikuro_Autograph.jpg/120px-October_1985_Ikuro_Autograph.jpg
alt: October 1985 Ikuro Autograph.jpg
"
"src: https://static.jojowiki.com/images/thumb/8/88/latest/20220826184057/FanroadMay1986C.png/120px-FanroadMay1986C.png
alt: FanroadMay1986C.png
",May 1986,"Fanroad Magazine, May Issue, 1986 (Cover)","src: https://static.jojowiki.com/images/thumb/3/36/latest/20211102230408/FanroadMay1986.jpg/120px-FanroadMay1986.jpg
alt: FanroadMay1986.jpg
"
"src: https://static.jojowiki.com/images/thumb/8/8f/latest/20200116071159/FanroadMay1986B.png/120px-FanroadMay1986B.png
alt: FanroadMay1986B.png
",May 1986,"Fanroad Magazine, May Issue, 1986 (Inside Illustration)","src: https://static.jojowiki.com/images/thumb/6/67/latest/20211102031340/FanroadMay1986Poster.jpg/120px-FanroadMay1986Poster.jpg
alt: FanroadMay1986Poster.jpg
"
"src: https://static.jojowiki.com/images/thumb/e/eb/latest/20221111220253/JoJo_announcement.jpg/120px-JoJo_announcement.jpg
alt: JoJo announcement.jpg
","November 18, 1986",Weekly Shonen Jump 1986 Issue #51(Phantom Blood Announcement),"src: https://static.jojowiki.com/images/thumb/d/de/latest/20191015220209/Phantom_Blood_announcement.png/120px-Phantom_Blood_announcement.png
alt: Phantom Blood announcement.png
src: https://static.jojowiki.com/images/thumb/a/a3/latest/20211102033017/WSJ_51_1986.png/120px-WSJ_51_1986.png
alt: WSJ 51 1986.png
"
"src: https://static.jojowiki.com/images/thumb/5/59/latest/20221111220245/JonathanDio_WSJ_next.jpg/120px-JonathanDio_WSJ_next.jpg
alt: JonathanDio WSJ next.jpg
src: https://static.jojowiki.com/images/thumb/9/9b/latest/20221111220237/DioJonathan_WSJ_next.jpg/120px-DioJonathan_WSJ_next.jpg
alt: DioJonathan WSJ next.jpg
","November 25, 1986",Weekly Shonen Jump 1986 Issue #52 (Next Issue Illustration),"src: https://static.jojowiki.com/images/thumb/2/27/latest/20210413011224/PB_WSJ-52_1986.jpg/120px-PB_WSJ-52_1986.jpg
alt: PB WSJ-52 1986.jpg
src: https://static.jojowiki.com/images/thumb/3/38/latest/20220331224632/PB_WSJ-52_1986-2.png/120px-PB_WSJ-52_1986-2.png
alt: PB WSJ-52 1986-2.png
src: https://static.jojowiki.com/images/thumb/3/3c/latest/20211102033935/WSJ_52_1986.jpg/120px-WSJ_52_1986.jpg
alt: WSJ 52 1986.jpg
"
"src: https://static.jojowiki.com/images/thumb/a/a3/latest/20200116204718/WSJ1987No1-2C.png/120px-WSJ1987No1-2C.png
alt: WSJ1987No1-2C.png
","December 2, 1986",Weekly Shonen Jump 1987 Issue #1-2 (Cover),"src: https://static.jojowiki.com/images/thumb/2/29/latest/20200621140524/Weekly_Jump_January_1_1987.jpg/120px-Weekly_Jump_January_1_1987.jpg
alt: Weekly Jump January 1 1987.jpg
"
"src: https://static.jojowiki.com/images/thumb/6/68/latest/20200903105609/Wj-1987-1-2-p005.jpg/120px-Wj-1987-1-2-p005.jpg
alt: Wj-1987-1-2-p005.jpg
src: https://static.jojowiki.com/images/thumb/b/b2/latest/20201016230000/PB_2007_Omnibus_Ch._1_Color_page_1.png/120px-PB_2007_Omnibus_Ch._1_Color_page_1.png
alt: PB 2007 Omnibus Ch. 1 Color page 1.png
","December 2, 1986",Weekly Shonen Jump 1987 Issue #1-2 (Color Page),"src: https://static.jojowiki.com/images/thumb/d/d3/latest/20200621135238/Chapter_1_Magazine_Cover_A.jpg/120px-Chapter_1_Magazine_Cover_A.jpg
alt: Chapter 1 Magazine Cover A.jpg
"
"src: https://static.jojowiki.com/images/thumb/c/cc/latest/20200903105610/Wj-1987-1-2-p006.jpg/120px-Wj-1987-1-2-p006.jpg
alt: Wj-1987-1-2-p006.jpg
src: https://static.jojowiki.com/images/thumb/c/c3/latest/20201016230002/PB_2007_Omnibus_Ch._1_Color_page_2.png/120px-PB_2007_Omnibus_Ch._1_Color_page_2.png
alt: PB 2007 Omnibus Ch. 1 Color page 2.png
","December 2, 1986",Weekly Shonen Jump 1987 Issue #1-2 (Color Page),"src: https://static.jojowiki.com/images/thumb/c/c3/latest/20201016230002/PB_2007_Omnibus_Ch._1_Color_page_2.png/120px-PB_2007_Omnibus_Ch._1_Color_page_2.png
alt: PB 2007 Omnibus Ch. 1 Color page 2.png
"
"src: https://static.jojowiki.com/images/thumb/0/08/latest/20200903105612/Wj-1987-1-2-p007.jpg/120px-Wj-1987-1-2-p007.jpg
alt: Wj-1987-1-2-p007.jpg
src: https://static.jojowiki.com/images/thumb/d/db/latest/20201016230941/PB_2007_Omnibus_Ch._1_Color_page_3.png/120px-PB_2007_Omnibus_Ch._1_Color_page_3.png
alt: PB 2007 Omnibus Ch. 1 Color page 3.png
","December 2, 1986",Weekly Shonen Jump 1987 Issue #1-2 (Color Page),"src: https://static.jojowiki.com/images/thumb/5/5b/latest/20191015214307/Chapter_1_Magazine_Cover_B-0.jpg/120px-Chapter_1_Magazine_Cover_B-0.jpg
alt: Chapter 1 Magazine Cover B-0.jpg
"
"src: https://static.jojowiki.com/images/thumb/7/73/latest/20201016230005/PB_2007_Omnibus_Ch._1_Color_page_4.png/120px-PB_2007_Omnibus_Ch._1_Color_page_4.png
alt: PB 2007 Omnibus Ch. 1 Color page 4.png
","December 2, 1986",Weekly Shonen Jump 1987 Issue #1-2 (Color Page),"src: https://static.jojowiki.com/images/thumb/7/73/latest/20201016230005/PB_2007_Omnibus_Ch._1_Color_page_4.png/120px-PB_2007_Omnibus_Ch._1_Color_page_4.png
alt: PB 2007 Omnibus Ch. 1 Color page 4.png
"
"src: https://static.jojowiki.com/images/thumb/1/1c/latest/20201016230007/PB_2007_Omnibus_Ch._1_Color_page_5.png/120px-PB_2007_Omnibus_Ch._1_Color_page_5.png
alt: PB 2007 Omnibus Ch. 1 Color page 5.png
","December 2, 1986",Weekly Shonen Jump 1987 Issue #1-2 (Color Page),"src: https://static.jojowiki.com/images/thumb/1/1c/latest/20201016230007/PB_2007_Omnibus_Ch._1_Color_page_5.png/120px-PB_2007_Omnibus_Ch._1_Color_page_5.png
alt: PB 2007 Omnibus Ch. 1 Color page 5.png
"
"src: https://static.jojowiki.com/images/thumb/2/23/latest/20201016230009/PB_2007_Omnibus_Ch._1_Color_page_6.png/120px-PB_2007_Omnibus_Ch._1_Color_page_6.png
alt: PB 2007 Omnibus Ch. 1 Color page 6.png
","December 2, 1986",Weekly Shonen Jump 1987 Issue #1-2 (Color Page),"src: https://static.jojowiki.com/images/thumb/2/23/latest/20201016230009/PB_2007_Omnibus_Ch._1_Color_page_6.png/120px-PB_2007_Omnibus_Ch._1_Color_page_6.png
alt: PB 2007 Omnibus Ch. 1 Color page 6.png
"
"src: https://static.jojowiki.com/images/thumb/b/b8/latest/20200116204737/WSJ1987No1-2NextIssue.png/120px-WSJ1987No1-2NextIssue.png
alt: WSJ1987No1-2NextIssue.png
","December 2, 1986",Weekly Shonen Jump 1987 Issue #1-2 (Next Issue Illustration),"src: https://static.jojowiki.com/images/thumb/b/b1/latest/20210911201403/WSJ1987No1-2.jpg/120px-WSJ1987No1-2.jpg
alt: WSJ1987No1-2.jpg
"
"src: https://static.jojowiki.com/images/thumb/0/0e/latest/20221111222542/DIO_WSJ_Next_issue.jpg/120px-DIO_WSJ_Next_issue.jpg
alt: DIO WSJ Next issue.jpg
","December 2, 1986",Weekly Shonen Jump 1987 Issue #1-2 (Next Issue Illustration),"src: https://static.jojowiki.com/images/thumb/1/1c/latest/20191015214456/JonathanDio_WSJ_next_issue.png/120px-JonathanDio_WSJ_next_issue.png
alt: JonathanDio WSJ next issue.png
"
"src: https://static.jojowiki.com/images/thumb/f/f3/latest/20200116204906/JumpComics2C2.png/120px-JumpComics2C2.png
alt: JumpComics2C2.png
","December 9, 1986",Weekly Shonen Jump 1987 Issue #3-4 (Next Issue Illustration),"src: https://static.jojowiki.com/images/thumb/f/f7/latest/20220320055627/WSJ1987No3-4.png/120px-WSJ1987No3-4.png
alt: WSJ1987No3-4.png
"
"src: https://static.jojowiki.com/images/thumb/b/bf/latest/20230511175708/Jonathan_Vol1Afterword.png/120px-Jonathan_Vol1Afterword.png
alt: Jonathan Vol1Afterword.png
src: https://static.jojowiki.com/images/thumb/a/a2/latest/20210328205008/WSJ_-5_1987_JonathanCover-illus.png/120px-WSJ_-5_1987_JonathanCover-illus.png
alt: WSJ -5 1987 JonathanCover-illus.png
","December 19, 1986",Weekly Shonen Jump 1987 Issue #5 (Cover),"src: https://static.jojowiki.com/images/thumb/b/be/latest/20200508202430/Weekly_Jump_Jan_15%2C_1987.png/120px-Weekly_Jump_Jan_15%2C_1987.png
alt: Weekly Jump Jan 15, 1987.png
"
"src: https://static.jojowiki.com/images/thumb/c/c6/latest/20191015212905/JumpComics1C2.png/120px-JumpComics1C2.png
alt: JumpComics1C2.png
","December 19, 1986",Weekly Shonen Jump 1987 Issue #5 (Sticker Illustration),"src: https://static.jojowiki.com/images/thumb/1/1b/latest/20220324182629/WSJ_Poster_Dec_19_1986.png/175px-WSJ_Poster_Dec_19_1986.png
alt: WSJ Poster Dec 19 1986.png
"
"src: https://static.jojowiki.com/images/thumb/9/91/latest/20220409211213/WSJ_Jan_6_1987_Print.jpg/140px-WSJ_Jan_6_1987_Print.jpg
alt: WSJ Jan 6 1987 Print.jpg
src: https://static.jojowiki.com/images/thumb/4/4a/latest/20221123082547/WSJ_Jan_6_1987_Print_2.jpg/120px-WSJ_Jan_6_1987_Print_2.jpg
alt: WSJ Jan 6 1987 Print 2.jpg
","January 6, 1987",Weekly Shonen Jump 1987 Issue #5(Jonathan and Dio Autograph Print),"src: https://static.jojowiki.com/images/thumb/0/0c/latest/20191015213919/Weekly_Jump_January_22_1987.jpg/120px-Weekly_Jump_January_22_1987.jpg
alt: Weekly Jump January 22 1987.jpg
"
"src: https://static.jojowiki.com/images/thumb/d/de/latest/20210929204701/GIExtra.jpg/120px-GIExtra.jpg
alt: GIExtra.jpg
","February 10, 1987",Jump Comics Gorgeous Irene Volume 1 (Inside Illustration),"src: https://static.jojowiki.com/images/thumb/b/b8/latest/20191015213002/Gorgeous_Irene.png/120px-Gorgeous_Irene.png
alt: Gorgeous Irene.png
"
"src: https://static.jojowiki.com/images/thumb/e/e6/latest/20210526184016/Vol2_cover_art.jpg/120px-Vol2_cover_art.jpg
alt: Vol2 cover art.jpg
src: https://static.jojowiki.com/images/thumb/2/2e/latest/20200116204815/JonathanMPclean.jpg/120px-JonathanMPclean.jpg
alt: JonathanMPclean.jpg
","June 8, 1987",Weekly Shonen Jump 1987 Issue #26 (Catchphrase Grand Prix),"src: https://static.jojowiki.com/images/thumb/8/85/latest/20220502190912/CatchphraseGrandPrix.jpg/120px-CatchphraseGrandPrix.jpg
alt: CatchphraseGrandPrix.jpg
"
"src: https://static.jojowiki.com/images/thumb/e/e0/latest/20210328205358/WSJ_-32_1987_JonathanCover-illus_1.png/120px-WSJ_-32_1987_JonathanCover-illus_1.png
alt: WSJ -32 1987 JonathanCover-illus 1.png
src: https://static.jojowiki.com/images/thumb/8/80/latest/20210328205358/WSJ_-32_1987_JonathanCover-illus_2.png/80px-WSJ_-32_1987_JonathanCover-illus_2.png
alt: WSJ -32 1987 JonathanCover-illus 2.png
","July 20, 1987",Weekly Shonen Jump 1987 Issue #32 (Cover),"src: https://static.jojowiki.com/images/thumb/c/ca/latest/20200508043236/Weekly_Jump_July_20%2C_1987.png/120px-Weekly_Jump_July_20%2C_1987.png
alt: Weekly Jump July 20, 1987.png
"
"src: https://static.jojowiki.com/images/thumb/f/fe/latest/20200116204845/JumpComics1Spine.png/120px-JumpComics1Spine.png
alt: JumpComics1Spine.png
","August 10, 1987",Jump Comics Volume 1 (Spine Illustration),"src: https://static.jojowiki.com/images/thumb/3/32/latest/20191017210545/JoJoVolume1-12Spine.png/120px-JoJoVolume1-12Spine.png
alt: JoJoVolume1-12Spine.png
"
"src: https://static.jojowiki.com/images/thumb/b/b8/latest/20200116204923/JumpComics2Back.png/120px-JumpComics2Back.png
alt: JumpComics2Back.png
","January 8, 1988",Jump Comics Volume 2 (Spine Illustration),"src: https://static.jojowiki.com/images/thumb/3/32/latest/20191017210545/JoJoVolume1-12Spine.png/120px-JoJoVolume1-12Spine.png
alt: JoJoVolume1-12Spine.png
"
"src: https://static.jojowiki.com/images/thumb/5/5c/latest/20210110094046/WSJ1988No5C-2.png/80px-WSJ1988No5C-2.png
alt: WSJ1988No5C-2.png
src: https://static.jojowiki.com/images/thumb/8/8b/latest/20210110094047/WSJ1988No5C.png/80px-WSJ1988No5C.png
alt: WSJ1988No5C.png
","January 15, 1988",Weekly Shonen Jump 1988 Issue #5 (Cover),"src: https://static.jojowiki.com/images/thumb/9/9e/latest/20200508043551/Weekly_Jump_Jan_15%2C_1988.png/120px-Weekly_Jump_Jan_15%2C_1988.png
alt: Weekly Jump Jan 15, 1988.png
"
"src: https://static.jojowiki.com/images/thumb/3/3a/latest/20200114130313/JosephWSJ1988No9.png/120px-JosephWSJ1988No9.png
alt: JosephWSJ1988No9.png
","February 8, 1988",Weekly Shonen Jump 1988 Issue #9 (Cover),"src: https://static.jojowiki.com/images/thumb/1/1a/latest/20230107212238/Weekly_Jump_Feb_8%2C_1988.png/120px-Weekly_Jump_Feb_8%2C_1988.png
alt: Weekly Jump Feb 8, 1988.png
"
"src: https://static.jojowiki.com/images/thumb/d/dc/latest/20191015214311/JosephWSJ1998No9.png/120px-JosephWSJ1998No9.png
alt: JosephWSJ1998No9.png
","February 8, 1988",Weekly Shonen Jump 1988 Issue #9 (Title Page),"src: https://static.jojowiki.com/images/thumb/9/93/latest/20230108222935/Chapter_57_Magazine_cover_B.jpg/120px-Chapter_57_Magazine_cover_B.jpg
alt: Chapter 57 Magazine cover B.jpg
"
"src: https://static.jojowiki.com/images/thumb/2/22/latest/20220526052123/Chapter_57_Cover_B_JoJonium.jpg/120px-Chapter_57_Cover_B_JoJonium.jpg
alt: Chapter 57 Cover B JoJonium.jpg
","February 8, 1988",Weekly Shonen Jump 1988 Issue #9 (Color Page),"src: https://static.jojowiki.com/images/thumb/7/74/latest/20230106210606/Chapter_57_Magazine_cover_A.jpg/120px-Chapter_57_Magazine_cover_A.jpg
alt: Chapter 57 Magazine cover A.jpg
"
"src: https://static.jojowiki.com/images/thumb/f/f0/latest/20221127172526/JumpComics10C2.png/120px-JumpComics10C2.png
alt: JumpComics10C2.png
","March 7, 1988",Weekly Shonen Jump 1988 Issue #13 (Cover),"src: https://static.jojowiki.com/images/thumb/e/ee/latest/20200509220744/Weekly_Jump_Mar_7%2C_1988.png/120px-Weekly_Jump_Mar_7%2C_1988.png
alt: Weekly Jump Mar 7, 1988.png
"
"src: https://static.jojowiki.com/images/thumb/c/cd/latest/20221127173916/Joseph_WSJ_1988_13.png/120px-Joseph_WSJ_1988_13.png
alt: Joseph WSJ 1988 13.png
","March 7, 1988",Weekly Shonen Jump 1988 Issue #13 (Inside Illustration),"src: https://static.jojowiki.com/images/thumb/b/b9/latest/20221127173923/WSJ_1988_13_Jump_Heroes.png/120px-WSJ_1988_13_Jump_Heroes.png
alt: WSJ 1988 13 Jump Heroes.png
src: https://static.jojowiki.com/images/thumb/e/ee/latest/20200509220744/Weekly_Jump_Mar_7%2C_1988.png/120px-Weekly_Jump_Mar_7%2C_1988.png
alt: Weekly Jump Mar 7, 1988.png
"
"src: https://static.jojowiki.com/images/thumb/6/6d/latest/20201220224236/JumpComics3clean.jpg/120px-JumpComics3clean.jpg
alt: JumpComics3clean.jpg
","April 8, 1988",Jump Comics Volume 3 (Cover),"src: https://static.jojowiki.com/images/thumb/d/d4/latest/20220701223414/Volume_3.jpg/120px-Volume_3.jpg
alt: Volume 3.jpg
"
"src: https://static.jojowiki.com/images/thumb/3/3d/latest/20200116204954/JumpComics3Spine.png/120px-JumpComics3Spine.png
alt: JumpComics3Spine.png
","April 8, 1988",Jump Comics Volume 3 (Spine Illustration),"src: https://static.jojowiki.com/images/thumb/3/32/latest/20191017210545/JoJoVolume1-12Spine.png/120px-JoJoVolume1-12Spine.png
alt: JoJoVolume1-12Spine.png
"
"src: https://static.jojowiki.com/images/thumb/2/21/latest/20210526185112/Vol4_cover_art.png/120px-Vol4_cover_art.png
alt: Vol4 cover art.png
src: https://static.jojowiki.com/images/thumb/3/38/latest/20230220090541/Jonathanjoestarclean.png/120px-Jonathanjoestarclean.png
alt: Jonathanjoestarclean.png
","June 10, 1988",Jump Comics Volume 4 (Cover),"src: https://static.jojowiki.com/images/thumb/e/e0/latest/20191015215852/Volume_4.jpg/120px-Volume_4.jpg
alt: Volume 4.jpg
"
"src: https://static.jojowiki.com/images/thumb/c/c2/latest/20200116205038/JumpComics4Spine.png/120px-JumpComics4Spine.png
alt: JumpComics4Spine.png
","June 10, 1988",Jump Comics Volume 4 (Spine Illustration),"src: https://static.jojowiki.com/images/thumb/3/32/latest/20191017210545/JoJoVolume1-12Spine.png/120px-JoJoVolume1-12Spine.png
alt: JoJoVolume1-12Spine.png
"
"src: https://static.jojowiki.com/images/thumb/1/1d/latest/20191015213258/JumpComics11C2.png/120px-JumpComics11C2.png
alt: JumpComics11C2.png
","July 18, 1988",Weekly Shonen Jump 1988 Issue #32 (Cover),"src: https://static.jojowiki.com/images/thumb/c/c8/latest/20200510191254/Weekly_Jump_July_18%2C_1988_20th_Anniversary.png/120px-Weekly_Jump_July_18%2C_1988_20th_Anniversary.png
alt: Weekly Jump July 18, 1988 20th Anniversary.png
"
"src: https://static.jojowiki.com/images/thumb/2/2f/latest/20200116205544/JosephJoestarPose.png/120px-JosephJoestarPose.png
alt: JosephJoestarPose.png
","July 25, 1988",Weekly Shonen Jump 1988 Issue #33 (Cover),"src: https://static.jojowiki.com/images/thumb/8/8f/latest/20230107210648/Weekly_Jump_July_25%2C_1988.png/120px-Weekly_Jump_July_25%2C_1988.png
alt: Weekly Jump July 25, 1988.png
"
"src: https://static.jojowiki.com/images/thumb/3/3c/latest/20220104224539/Chapter_81_JoJonium.png/120px-Chapter_81_JoJonium.png
alt: Chapter 81 JoJonium.png
","July 25, 1988",Weekly Shonen Jump 1988 Issue #33 (Color Page),"src: https://static.jojowiki.com/images/thumb/1/17/latest/20230108002044/Chapter_81_Magazine_Cover_A.png/120px-Chapter_81_Magazine_Cover_A.png
alt: Chapter 81 Magazine Cover A.png
"
"src: https://static.jojowiki.com/images/thumb/0/0e/latest/20200116060112/WSJ1988No33D.png/120px-WSJ1988No33D.png
alt: WSJ1988No33D.png
","July 25, 1988",Weekly Shonen Jump 1988 Issue #33 (Title Page),"src: https://static.jojowiki.com/images/thumb/9/9d/latest/20230108211204/Chapter_81_Magazine_Cover_B.jpg/120px-Chapter_81_Magazine_Cover_B.jpg
alt: Chapter 81 Magazine Cover B.jpg
"
"src: https://static.jojowiki.com/images/thumb/6/61/latest/20221110202016/Araki_Taro-kun.png/120px-Araki_Taro-kun.png
alt: Araki Taro-kun.png
","August 10, 1988",Kenritsu Umisora Koko Yakyu Buin Yamashita Taro-kun Volume 5 - Afterword(Inside Illustration),"src: https://static.jojowiki.com/images/thumb/2/25/latest/20230303232336/Araki_taro-kun.jpg/150px-Araki_taro-kun.jpg
alt: Araki taro-kun.jpg
src: https://static.jojowiki.com/images/thumb/c/c6/latest/20221102030519/Taro-kun_Volume_5.jpg/120px-Taro-kun_Volume_5.jpg
alt: Taro-kun Volume 5.jpg
"
"src: https://static.jojowiki.com/images/thumb/e/ee/latest/20191015214032/JumpComics5.png/120px-JumpComics5.png
alt: JumpComics5.png
","August 10, 1988",Jump Comics Volume 5 (Cover),"src: https://static.jojowiki.com/images/thumb/1/15/latest/20191015220014/Volume_5.jpg/120px-Volume_5.jpg
alt: Volume 5.jpg
"
"src: https://static.jojowiki.com/images/thumb/6/62/latest/20191015214541/JumpComics5Spine.png/120px-JumpComics5Spine.png
alt: JumpComics5Spine.png
","August 10, 1988",Jump Comics Volume 5 (Spine Illustration),"src: https://static.jojowiki.com/images/thumb/3/32/latest/20191017210545/JoJoVolume1-12Spine.png/120px-JoJoVolume1-12Spine.png
alt: JoJoVolume1-12Spine.png
"
"src: https://static.jojowiki.com/images/thumb/5/56/latest/20220104224723/Chapter_90_JoJonium.png/120px-Chapter_90_JoJonium.png
alt: Chapter 90 JoJonium.png
","September 26, 1988",Weekly Shonen Jump 1988 Issue #42 (Color Page),"src: https://static.jojowiki.com/images/thumb/9/9a/latest/20230108000833/Chapter_90_Magazine_Cover_A.png/120px-Chapter_90_Magazine_Cover_A.png
alt: Chapter 90 Magazine Cover A.png
"
"src: https://static.jojowiki.com/images/thumb/3/35/latest/20200116212125/WSJ1988No42clean.jpg/120px-WSJ1988No42clean.jpg
alt: WSJ1988No42clean.jpg
","September 26, 1988",Weekly Shonen Jump 1988 Issue #42 (Title Page),"src: https://static.jojowiki.com/images/thumb/c/ca/latest/20230218181736/Chapter_90_Magazine_Cover_B.jpg/120px-Chapter_90_Magazine_Cover_B.jpg
alt: Chapter 90 Magazine Cover B.jpg
"
"src: https://static.jojowiki.com/images/thumb/9/95/latest/20191015214053/JumpComics6Spine.png/120px-JumpComics6Spine.png
alt: JumpComics6Spine.png
","October 7, 1988",Jump Comics Volume 6 (Spine Illustration),"src: https://static.jojowiki.com/images/thumb/3/32/latest/20191017210545/JoJoVolume1-12Spine.png/120px-JoJoVolume1-12Spine.png
alt: JoJoVolume1-12Spine.png
"
"src: https://static.jojowiki.com/images/thumb/5/56/latest/20220402213532/Asahi_Shimbun_1988_Drawing.png/100px-Asahi_Shimbun_1988_Drawing.png
alt: Asahi Shimbun 1988 Drawing.png
","December 1, 1988",Asahi Shimbun 1988 (12/1/1988) Morning EditionWorld Design Exhibition 1989 Advertisement (Original Illustration),"src: https://static.jojowiki.com/images/thumb/1/1c/latest/20220402213532/World_Design_Exhibition_1989_Advertisement.png/130px-World_Design_Exhibition_1989_Advertisement.png
alt: World Design Exhibition 1989 Advertisement.png
"
"src: https://static.jojowiki.com/images/thumb/5/5b/latest/20191015220135/JumpComics7Spine.png/120px-JumpComics7Spine.png
alt: JumpComics7Spine.png
","December 6, 1988",Jump Comics Volume 7 (Spine Illustration),"src: https://static.jojowiki.com/images/thumb/3/32/latest/20191017210545/JoJoVolume1-12Spine.png/120px-JoJoVolume1-12Spine.png
alt: JoJoVolume1-12Spine.png
"
"src: https://static.jojowiki.com/images/thumb/d/df/latest/20200116210928/WSJ1988No53C.jpg/120px-WSJ1988No53C.jpg
alt: WSJ1988No53C.jpg
","December 12, 1988",Weekly Shonen Jump 1988 Issue #53 (Cover),"src: https://static.jojowiki.com/images/thumb/6/6d/latest/20230107191119/Weekly_Jump_Dec_12%2C_1988.png/120px-Weekly_Jump_Dec_12%2C_1988.png
alt: Weekly Jump Dec 12, 1988.png
"
"src: https://static.jojowiki.com/images/thumb/d/d5/latest/20191015213843/NoPicAvailable.png/120px-NoPicAvailable.png
alt: NoPicAvailable.png
",1988,Esidisi illustration for Reki Taki(Autograph)[7],"src: https://static.jojowiki.com/images/thumb/d/d5/latest/20191015213843/NoPicAvailable.png/120px-NoPicAvailable.png
alt: NoPicAvailable.png
"
"src: https://static.jojowiki.com/images/thumb/d/dd/latest/20200116060158/JosephWSJWinterSpecial.png/120px-JosephWSJWinterSpecial.png
alt: JosephWSJWinterSpecial.png
","January 4, 1989",Weekly Shonen Jump 1989 Winter Special (Poster),"src: https://static.jojowiki.com/images/thumb/2/28/latest/20211102063743/WSJ_Winter_Special_1989_Pin_up.png/120px-WSJ_Winter_Special_1989_Pin_up.png
alt: WSJ Winter Special 1989 Pin up.png
src: https://static.jojowiki.com/images/thumb/d/dd/latest/20200508043041/Weekly_Jump_1989_WinterSpecial.png/120px-Weekly_Jump_1989_WinterSpecial.png
alt: Weekly Jump 1989 WinterSpecial.png
"
"src: https://static.jojowiki.com/images/thumb/7/75/latest/20191015220035/JumpComics12C2.png/120px-JumpComics12C2.png
alt: JumpComics12C2.png
","January 15, 1989",Weekly Shonen Jump 1989 Issue #3/4 (Cover),"src: https://static.jojowiki.com/images/thumb/2/2a/latest/20200504185458/WeeklyJumpJanuary15_1989.png/120px-WeeklyJumpJanuary15_1989.png
alt: WeeklyJumpJanuary15 1989.png
"
"src: https://static.jojowiki.com/images/thumb/2/2f/latest/20220104224823/Chapter_105_JoJonium.png/120px-Chapter_105_JoJonium.png
alt: Chapter 105 JoJonium.png
","January 29, 1989",Weekly Shonen Jump 1989 Issue #7 (Color Page),"src: https://static.jojowiki.com/images/thumb/4/42/latest/20230107235035/Chapter_105_Magazine_cover_A.jpg/120px-Chapter_105_Magazine_cover_A.jpg
alt: Chapter 105 Magazine cover A.jpg
"
"src: https://static.jojowiki.com/images/thumb/5/56/latest/20191015215206/WSJNo7Joseph.png/120px-WSJNo7Joseph.png
alt: WSJNo7Joseph.png
","January 29, 1989",Weekly Shonen Jump 1989 Issue #7 (Title Page),"src: https://static.jojowiki.com/images/thumb/e/ed/latest/20230108215756/Chapter_105_Magazine_cover_B.jpg/120px-Chapter_105_Magazine_cover_B.jpg
alt: Chapter 105 Magazine cover B.jpg
"
"src: https://static.jojowiki.com/images/thumb/c/c5/latest/20200606075014/JumpComics8.png/120px-JumpComics8.png
alt: JumpComics8.png
","February 10, 1989",Jump Comics Volume 8 (Cover),"src: https://static.jojowiki.com/images/thumb/c/c1/latest/20191015215450/Volume_8.jpg/120px-Volume_8.jpg
alt: Volume 8.jpg
"
"src: https://static.jojowiki.com/images/thumb/2/22/latest/20191015214743/JumpComics9C2.png/120px-JumpComics9C2.png
alt: JumpComics9C2.png
","March 13, 1989",Weekly Shonen Jump 1989 Issue #13 (Cover),"src: https://static.jojowiki.com/images/thumb/4/44/latest/20200510013035/Weekly_Jump_Mar_13%2C_1989.png/120px-Weekly_Jump_Mar_13%2C_1989.png
alt: Weekly Jump Mar 13, 1989.png
"
"src: https://static.jojowiki.com/images/thumb/e/eb/latest/20220104224956/Chapter_115_JoJonium.png/120px-Chapter_115_JoJonium.png
alt: Chapter 115 JoJonium.png
","April 10, 1989",Weekly Shonen Jump 1989 Issue #17 (Color Page),"src: https://static.jojowiki.com/images/thumb/2/26/latest/20221103020746/Chapter_115_Magazine_Cover_A.png/120px-Chapter_115_Magazine_Cover_A.png
alt: Chapter 115 Magazine Cover A.png
"
"src: https://static.jojowiki.com/images/thumb/b/b7/latest/20200117051120/JotaroWSJ1989No17Clean.jpg/120px-JotaroWSJ1989No17Clean.jpg
alt: JotaroWSJ1989No17Clean.jpg
","April 10, 1989",Weekly Shonen Jump 1989 Issue #17 (Title Page),"src: https://static.jojowiki.com/images/thumb/6/60/latest/20221103223433/Chapter_115_Magazine_Cover_B.png/120px-Chapter_115_Magazine_Cover_B.png
alt: Chapter 115 Magazine Cover B.png
"
"src: https://static.jojowiki.com/images/thumb/2/2f/latest/20191015215849/JumpComics9SPine.png/120px-JumpComics9SPine.png
alt: JumpComics9SPine.png
","April 10, 1989",Jump Comics Volume 9 (Spine Illustration),"src: https://static.jojowiki.com/images/thumb/3/32/latest/20191017210545/JoJoVolume1-12Spine.png/120px-JoJoVolume1-12Spine.png
alt: JoJoVolume1-12Spine.png
"
"src: https://static.jojowiki.com/images/thumb/a/ac/latest/20200116212924/WSJ1989No20C.png/120px-WSJ1989No20C.png
alt: WSJ1989No20C.png
","May 1, 1989",Weekly Shonen Jump 1989 Issue #20 (Cover),"src: https://static.jojowiki.com/images/thumb/0/02/latest/20221101222309/Weekly_Jump_May_1%2C_1989.png/120px-Weekly_Jump_May_1%2C_1989.png
alt: Weekly Jump May 1, 1989.png
"
"src: https://static.jojowiki.com/images/thumb/6/61/latest/20191015215830/JosephPart3Full.jpg/120px-JosephPart3Full.jpg
alt: JosephPart3Full.jpg
","May 1, 1989",Weekly Shonen Jump 1989 Issue #20 (Cover),"src: https://static.jojowiki.com/images/thumb/0/02/latest/20221101222309/Weekly_Jump_May_1%2C_1989.png/120px-Weekly_Jump_May_1%2C_1989.png
alt: Weekly Jump May 1, 1989.png
"
"src: https://static.jojowiki.com/images/thumb/f/f0/latest/20230220090316/JotaroVol13.png/120px-JotaroVol13.png
alt: JotaroVol13.png
","May 22, 1989",Weekly Shonen Jump 1989 Issue #23 (Catchphrase Grand Prix),"src: https://static.jojowiki.com/images/thumb/7/73/latest/20191015213538/WSJ1989No23Catch.jpg/120px-WSJ1989No23Catch.jpg
alt: WSJ1989No23Catch.jpg
"
"src: https://static.jojowiki.com/images/thumb/9/92/latest/20230628013600/ArakiAutograph1989-Jotaro.png/120px-ArakiAutograph1989-Jotaro.png
alt: ArakiAutograph1989-Jotaro.png
",Spring 1989,Jotaro Illustration (Autograph),"src: https://static.jojowiki.com/images/thumb/9/90/latest/20230628013601/Spring_89_Jotaro_Autograph.jpg/120px-Spring_89_Jotaro_Autograph.jpg
alt: Spring 89 Jotaro Autograph.jpg
"
"src: https://static.jojowiki.com/images/thumb/d/d3/latest/20200606075016/JumpComics10.png/120px-JumpComics10.png
alt: JumpComics10.png
","June 9, 1989",Jump Comics Volume 10 (Cover),"src: https://static.jojowiki.com/images/thumb/8/8b/latest/20191015215519/Volume_10.jpg/120px-Volume_10.jpg
alt: Volume 10.jpg
"
"src: https://static.jojowiki.com/images/thumb/0/05/latest/20210414033400/JumpComics10Spine.png/120px-JumpComics10Spine.png
alt: JumpComics10Spine.png
","June 9, 1989",Jump Comics Volume 10 (Spine Illustration),"src: https://static.jojowiki.com/images/thumb/3/32/latest/20191017210545/JoJoVolume1-12Spine.png/120px-JoJoVolume1-12Spine.png
alt: JoJoVolume1-12Spine.png
"
"src: https://static.jojowiki.com/images/thumb/5/5e/latest/20191015215048/WSJ1989No31C.png/120px-WSJ1989No31C.png
alt: WSJ1989No31C.png
","July 17, 1989",Weekly Shonen Jump 1989 Issue #31 (Cover),"src: https://static.jojowiki.com/images/thumb/b/be/latest/20200510015548/Weekly_Jump_Jul_17%2C_1989.png/120px-Weekly_Jump_Jul_17%2C_1989.png
alt: Weekly Jump Jul 17, 1989.png
"
"src: https://static.jojowiki.com/images/e/ed/latest/20220526073828/WSJ_Issue_31_1989_Jotaro.png
alt: WSJ Issue 31 1989 Jotaro.png
","July 17, 1989",Weekly Shonen Jump 1989 Issue #31 (Cover),"src: https://static.jojowiki.com/images/thumb/b/be/latest/20200510015548/Weekly_Jump_Jul_17%2C_1989.png/120px-Weekly_Jump_Jul_17%2C_1989.png
alt: Weekly Jump Jul 17, 1989.png
"
"src: https://static.jojowiki.com/images/thumb/b/b8/latest/20191015213944/JumpComics11Spine.png/120px-JumpComics11Spine.png
alt: JumpComics11Spine.png
","August 10, 1989",Jump Comics Volume 11 (Spine Illustration),"src: https://static.jojowiki.com/images/thumb/3/32/latest/20191017210545/JoJoVolume1-12Spine.png/120px-JoJoVolume1-12Spine.png
alt: JoJoVolume1-12Spine.png
"
"src: https://static.jojowiki.com/images/thumb/c/cf/latest/20200116052216/WSJ1989No36_Jotaro.jpg/120px-WSJ1989No36_Jotaro.jpg
alt: WSJ1989No36 Jotaro.jpg
","August 21, 1989",Weekly Shonen Jump 1989 Issue #36 (Cover),"src: https://static.jojowiki.com/images/thumb/f/f7/latest/20221101223931/Weekly_Jump_Aug_21%2C_1989.png/120px-Weekly_Jump_Aug_21%2C_1989.png
alt: Weekly Jump Aug 21, 1989.png
"
"src: https://static.jojowiki.com/images/thumb/c/cb/latest/20200116052218/WSJ1989No36.png/120px-WSJ1989No36.png
alt: WSJ1989No36.png
","August 21, 1989",Weekly Shonen Jump 1989 Issue #36 (Cover),"src: https://static.jojowiki.com/images/thumb/f/f7/latest/20221101223931/Weekly_Jump_Aug_21%2C_1989.png/120px-Weekly_Jump_Aug_21%2C_1989.png
alt: Weekly Jump Aug 21, 1989.png
"
"src: https://static.jojowiki.com/images/thumb/d/d4/latest/20191015215709/WSJ1989No36Summer.png/120px-WSJ1989No36Summer.png
alt: WSJ1989No36Summer.png
","August 21, 1989",Weekly Shonen Jump 1989 Issue #36Jump Summer Festival (Illustration),"src: https://static.jojowiki.com/images/thumb/c/cc/latest/20191015220012/JumpSummerFestival.jpg/120px-JumpSummerFestival.jpg
alt: JumpSummerFestival.jpg
"
"src: https://static.jojowiki.com/images/thumb/7/7b/latest/20220104224946/Chapter_136_JoJonium.png/120px-Chapter_136_JoJonium.png
alt: Chapter 136 JoJonium.png
","September 4, 1989",Weekly Shonen Jump 1989 Issue #38 (Color Page),"src: https://static.jojowiki.com/images/thumb/d/d5/latest/20210612045934/Chapter_136_Magazine_Cover_A.png/120px-Chapter_136_Magazine_Cover_A.png
alt: Chapter 136 Magazine Cover A.png
"
"src: https://static.jojowiki.com/images/thumb/9/99/latest/20191015215156/WSJ1989No38T.png/120px-WSJ1989No38T.png
alt: WSJ1989No38T.png
","September 4, 1989",Weekly Shonen Jump 1989 Issue #38 (Title Page),"src: https://static.jojowiki.com/images/thumb/4/41/latest/20210612000757/Chapter_136_Magazine_Cover_B.png/120px-Chapter_136_Magazine_Cover_B.png
alt: Chapter 136 Magazine Cover B.png
"
"src: https://static.jojowiki.com/images/thumb/d/dd/latest/20210601031051/Chapter_136_ENG_JJNM_Pg._4.png/120px-Chapter_136_ENG_JJNM_Pg._4.png
alt: Chapter 136 ENG JJNM Pg. 4.png
","September 4, 1989",Weekly Shonen Jump 1989 Issue #38 (Color Page),"src: https://static.jojowiki.com/images/thumb/f/f7/latest/20210611214143/Chapter_136_Magazine_Page_4.png/120px-Chapter_136_Magazine_Page_4.png
alt: Chapter 136 Magazine Page 4.png
"
"src: https://static.jojowiki.com/images/thumb/b/bd/latest/20200116072834/Baoh1989AnimeVideoPackage.png/80px-Baoh1989AnimeVideoPackage.png
alt: Baoh1989AnimeVideoPackage.png
src: https://static.jojowiki.com/images/thumb/b/ba/latest/20220826193915/Baoh_OVA_VHS_Package_6251.png/80px-Baoh_OVA_VHS_Package_6251.png
alt: Baoh OVA VHS Package 6251.png
","September 16, 1989",Baoh the Visitor Animation Video (VHS) (Package Illustration),"src: https://static.jojowiki.com/images/thumb/7/7d/latest/20191015214259/BaohVHS.png/120px-BaohVHS.png
alt: BaohVHS.png
"
"src: https://static.jojowiki.com/images/thumb/2/25/latest/20200116071707/BaohPostcard.png/80px-BaohPostcard.png
alt: BaohPostcard.png
src: https://static.jojowiki.com/images/thumb/b/b5/latest/20220826193125/BaohPostcard_6251.png/80px-BaohPostcard_6251.png
alt: BaohPostcard 6251.png
","September 16, 1989",Baoh the Visitor Postcards (VHS) (Illustration),"src: https://static.jojowiki.com/images/thumb/c/c9/latest/20200412110013/BaohPostcard-3.png/120px-BaohPostcard-3.png
alt: BaohPostcard-3.png
"
"src: https://static.jojowiki.com/images/thumb/0/05/latest/20200116072336/BAOH_postcard1.jpg/80px-BAOH_postcard1.jpg
alt: BAOH postcard1.jpg
src: https://static.jojowiki.com/images/thumb/9/90/latest/20220826193249/BAOH_VHS_Postcard1_6251.jpg/80px-BAOH_VHS_Postcard1_6251.jpg
alt: BAOH VHS Postcard1 6251.jpg
","September 16, 1989",Baoh the Visitor Postcards (VHS) (Illustration),"src: https://static.jojowiki.com/images/thumb/e/eb/latest/20200412110044/BaohPostcard-2.png/120px-BaohPostcard-2.png
alt: BaohPostcard-2.png
"
"src: https://static.jojowiki.com/images/thumb/0/01/latest/20220826194134/BAOH_postcard2.jpg/120px-BAOH_postcard2.jpg
alt: BAOH postcard2.jpg
","September 16, 1989",Baoh the Visitor Postcards (VHS) (Illustration),"src: https://static.jojowiki.com/images/thumb/d/d1/latest/20200412110120/BaohPostcard-1.png/120px-BaohPostcard-1.png
alt: BaohPostcard-1.png
"
"src: https://static.jojowiki.com/images/thumb/4/4f/latest/20191015215047/JumpComics12Spine.png/39px-JumpComics12Spine.png
alt: JumpComics12Spine.png
","October 9, 1989",Jump Comics Volume 12 (Spine Illustration),"src: https://static.jojowiki.com/images/thumb/3/32/latest/20191017210545/JoJoVolume1-12Spine.png/120px-JoJoVolume1-12Spine.png
alt: JoJoVolume1-12Spine.png
"
"src: https://static.jojowiki.com/images/thumb/8/8e/latest/20200116071729/Baoh1989CDJacket.png/80px-Baoh1989CDJacket.png
alt: Baoh1989CDJacket.png
src: https://static.jojowiki.com/images/thumb/7/70/latest/20220826192838/Baoh_OVA_CD_Jacket_6251.png/80px-Baoh_OVA_CD_Jacket_6251.png
alt: Baoh OVA CD Jacket 6251.png
","October 11, 1989",Baoh the Visitor Original Soundtrack (CD Jacket),"src: https://static.jojowiki.com/images/thumb/9/96/latest/20200623001537/BaohOST.jpg/120px-BaohOST.jpg
alt: BaohOST.jpg
"
"src: https://static.jojowiki.com/images/thumb/9/98/latest/20220104231415/Chapter_146_JoJonium_Cover_A.png/120px-Chapter_146_JoJonium_Cover_A.png
alt: Chapter 146 JoJonium Cover A.png
","November 13, 1989",Weekly Shonen Jump 1989 Issue #48 (Color Page),"src: https://static.jojowiki.com/images/thumb/a/a1/latest/20210613012055/Chapter_146_Magazine_Cover_A.png/120px-Chapter_146_Magazine_Cover_A.png
alt: Chapter 146 Magazine Cover A.png
"
"src: https://static.jojowiki.com/images/thumb/a/a2/latest/20200116213748/WSJ1989No48clean.jpg/120px-WSJ1989No48clean.jpg
alt: WSJ1989No48clean.jpg
","November 13, 1989",Weekly Shonen Jump 1989 Issue #48 (Title Page),"src: https://static.jojowiki.com/images/thumb/0/0a/latest/20210614032706/Chapter_146_Magazine_Cover_B.png/120px-Chapter_146_Magazine_Cover_B.png
alt: Chapter 146 Magazine Cover B.png
"
"src: https://static.jojowiki.com/images/thumb/7/79/latest/20200116214009/DioWSJ1990No3.png/120px-DioWSJ1990No3.png
alt: DioWSJ1990No3.png
","January 8, 1990",Weekly Shonen Jump 1990 Issue #3-4 (Bonus Carddass Jump Superheroes),"src: https://static.jojowiki.com/images/thumb/0/02/latest/20220515085548/Carddass1990.png/120px-Carddass1990.png
alt: Carddass1990.png
"
"src: https://static.jojowiki.com/images/thumb/f/fa/latest/20200116215843/WSJ1990No15SilverPeel.png/120px-WSJ1990No15SilverPeel.png
alt: WSJ1990No15SilverPeel.png
","January 8, 1990",Weekly Shonen Jump 1990 Issue #3-4 (Bonus Carddass Jump Superheroes)[8],"src: https://static.jojowiki.com/images/thumb/1/13/latest/20200831001741/1990_WSJ-CarddassJotaro.png/120px-1990_WSJ-CarddassJotaro.png
alt: 1990 WSJ-CarddassJotaro.png
"
"src: https://static.jojowiki.com/images/thumb/d/d1/latest/20191015215012/WSJ1990No5C.png/120px-WSJ1990No5C.png
alt: WSJ1990No5C.png
","January 15, 1990",Weekly Shonen Jump 1990 Issue #5 (Cover),"src: https://static.jojowiki.com/images/thumb/3/33/latest/20191015212828/Weekly_Jump_January_15_1990.jpg/120px-Weekly_Jump_January_15_1990.jpg
alt: Weekly Jump January 15 1990.jpg
"
"src: https://static.jojowiki.com/images/thumb/4/4a/latest/20200116214329/WSJ1990No5.png/120px-WSJ1990No5.png
alt: WSJ1990No5.png
","January 15, 1990",Weekly Shonen Jump 1990 Issue #5 (Calendar \ Poster),"src: https://static.jojowiki.com/images/thumb/5/56/latest/20210615151112/WSJ_no.5_1990_Miracle_Calendar.png/120px-WSJ_no.5_1990_Miracle_Calendar.png
alt: WSJ no.5 1990 Miracle Calendar.png
"
"src: https://static.jojowiki.com/images/thumb/4/49/latest/20230630031327/ArakiAutographFeb1990-Jotaro.png/120px-ArakiAutographFeb1990-Jotaro.png
alt: ArakiAutographFeb1990-Jotaro.png
",February 1990,"Complimentary item for the Special Jury Prizefrom the 57th Hot Step Awards, won by Shosho Kurihara(Poster color set illustration)","src: https://static.jojowiki.com/images/thumb/f/fb/latest/20230630031326/Gift_Autograph_Feb_1990.jpg/180px-Gift_Autograph_Feb_1990.jpg
alt: Gift Autograph Feb 1990.jpg
"
"src: https://static.jojowiki.com/images/thumb/6/6f/latest/20220104225136/Chapter_157_JoJonium_Page_1.png/120px-Chapter_157_JoJonium_Page_1.png
alt: Chapter 157 JoJonium Page 1.png
","February 12, 1990",Weekly Shonen Jump 1990 Issue #9 (Color Page),"src: https://static.jojowiki.com/images/thumb/5/5a/latest/20221101023308/Chapter_157_Magazine_Cover_A.jpg/120px-Chapter_157_Magazine_Cover_A.jpg
alt: Chapter 157 Magazine Cover A.jpg
"
"src: https://static.jojowiki.com/images/thumb/d/de/latest/20200116064611/WSJ1990No9.png/120px-WSJ1990No9.png
alt: WSJ1990No9.png
","February 12, 1990",Weekly Shonen Jump 1990 Issue #9 (Title Page),"src: https://static.jojowiki.com/images/thumb/0/0c/latest/20221101023524/Chapter_157_Magazine_Cover_B.png/120px-Chapter_157_Magazine_Cover_B.png
alt: Chapter 157 Magazine Cover B.png
"
"src: https://static.jojowiki.com/images/thumb/9/9e/latest/20220104225156/Chapter_157_JoJonium_Page_4.png/120px-Chapter_157_JoJonium_Page_4.png
alt: Chapter 157 JoJonium Page 4.png
","February 12, 1990",Weekly Shonen Jump 1990 Issue #9 (Color Page),"src: https://static.jojowiki.com/images/thumb/d/df/latest/20221101195944/Chapter_157_Magazine_Page_4.png/120px-Chapter_157_Magazine_Page_4.png
alt: Chapter 157 Magazine Page 4.png
"
"src: https://static.jojowiki.com/images/thumb/7/70/latest/20200116215213/WSJ1990No9Jotaro.jpg/120px-WSJ1990No9Jotaro.jpg
alt: WSJ1990No9Jotaro.jpg
","February 12, 1990",Weekly Shonen Jump 1990 Issue #9 (Cover),"src: https://static.jojowiki.com/images/thumb/6/63/latest/20221101225725/Weekly_Jump_Feb_12%2C_1990.png/120px-Weekly_Jump_Feb_12%2C_1990.png
alt: Weekly Jump Feb 12, 1990.png
"
"src: https://static.jojowiki.com/images/thumb/8/83/latest/20200116215206/WSJ1990No9SP.jpg/120px-WSJ1990No9SP.jpg
alt: WSJ1990No9SP.jpg
","February 12, 1990",Weekly Shonen Jump 1990 Issue #9 (Cover),"src: https://static.jojowiki.com/images/thumb/6/63/latest/20221101225725/Weekly_Jump_Feb_12%2C_1990.png/120px-Weekly_Jump_Feb_12%2C_1990.png
alt: Weekly Jump Feb 12, 1990.png
"
"src: https://static.jojowiki.com/images/thumb/8/81/latest/20200116215714/WSJ1990No9-2.png/120px-WSJ1990No9-2.png
alt: WSJ1990No9-2.png
","February 12, 1990",Weekly Shonen Jump 1990 Issue #9 (Cover),"src: https://static.jojowiki.com/images/thumb/6/63/latest/20221101225725/Weekly_Jump_Feb_12%2C_1990.png/120px-Weekly_Jump_Feb_12%2C_1990.png
alt: Weekly Jump Feb 12, 1990.png
"
"src: https://static.jojowiki.com/images/thumb/f/fa/latest/20200116215843/WSJ1990No15SilverPeel.png/120px-WSJ1990No15SilverPeel.png
alt: WSJ1990No15SilverPeel.png
","March 26, 1990",Weekly Shonen Jump 1990 Issue #15 (Silver Peel Illustration)[9],"src: https://static.jojowiki.com/images/thumb/8/87/latest/20220515085431/WSJ-1990-No15-SilverPeel.png/120px-WSJ-1990-No15-SilverPeel.png
alt: WSJ-1990-No15-SilverPeel.png
"
"src: https://static.jojowiki.com/images/thumb/4/47/latest/20201028004914/JumpComics15.png/120px-JumpComics15.png
alt: JumpComics15.png
","April 10, 1990",Jump Comics Volume 15 (Cover),"src: https://static.jojowiki.com/images/thumb/7/7c/latest/20201028004951/Volume_15.jpg/120px-Volume_15.jpg
alt: Volume 15.jpg
"
"src: https://static.jojowiki.com/images/thumb/c/c5/latest/20200116224047/WSJ1990No25.jpg/120px-WSJ1990No25.jpg
alt: WSJ1990No25.jpg
","June 4, 1990",Weekly Shonen Jump 1990 Issue #25 (Catchphrase Grand Prix),"src: https://static.jojowiki.com/images/thumb/1/15/latest/20191015215803/WSJ1990No25Catchphrase.jpg/120px-WSJ1990No25Catchphrase.jpg
alt: WSJ1990No25Catchphrase.jpg
"
"src: https://static.jojowiki.com/images/thumb/1/16/latest/20191015213022/WSJ1990No31C.png/120px-WSJ1990No31C.png
alt: WSJ1990No31C.png
","July 16, 1990",Weekly Shonen Jump 1990 Issue #31 (Cover),"src: https://static.jojowiki.com/images/thumb/c/c0/latest/20200510014719/Weekly_Jump_Jul_16%2C_1990.png/120px-Weekly_Jump_Jul_16%2C_1990.png
alt: Weekly Jump Jul 16, 1990.png
"
"src: https://static.jojowiki.com/images/thumb/8/8e/latest/20200116223525/JumpComics18.png/120px-JumpComics18.png
alt: JumpComics18.png
","October 8, 1990",Jump Comics Volume 18 (Cover),"src: https://static.jojowiki.com/images/thumb/f/f5/latest/20191015215208/Volume_18.jpg/120px-Volume_18.jpg
alt: Volume 18.jpg
"
"src: https://static.jojowiki.com/images/thumb/3/3b/latest/20220104231405/Chapter_195_JoJonium_Cover_A.png/120px-Chapter_195_JoJonium_Cover_A.png
alt: Chapter 195 JoJonium Cover A.png
","November 12, 1990",Weekly Shonen Jump 1990 Issue #48 (Color Page),"src: https://static.jojowiki.com/images/thumb/4/4c/latest/20221102012240/Chapter_195_Magazine_Cover_A.png/120px-Chapter_195_Magazine_Cover_A.png
alt: Chapter 195 Magazine Cover A.png
"
"src: https://static.jojowiki.com/images/thumb/9/9e/latest/20210904183718/WSJ1990No48.png/120px-WSJ1990No48.png
alt: WSJ1990No48.png
","November 12, 1990",Weekly Shonen Jump 1990 Issue #48 (Title Page),"src: https://static.jojowiki.com/images/thumb/7/73/latest/20221102011544/Chapter_195_Magazine_Cover_B.png/120px-Chapter_195_Magazine_Cover_B.png
alt: Chapter 195 Magazine Cover B.png
"
"src: https://static.jojowiki.com/images/thumb/0/09/latest/20220104231338/Chapter_195_JoJonium_Page_4.png/120px-Chapter_195_JoJonium_Page_4.png
alt: Chapter 195 JoJonium Page 4.png
","November 12, 1990",Weekly Shonen Jump 1990 Issue #48 (Color Page),"src: https://static.jojowiki.com/images/thumb/2/21/latest/20221102012400/Chapter_195_Magazine_Page_4.png/120px-Chapter_195_Magazine_Page_4.png
alt: Chapter 195 Magazine Page 4.png
"
"src: https://static.jojowiki.com/images/thumb/b/ba/latest/20200116224208/WSJ1990No50C.png/120px-WSJ1990No50C.png
alt: WSJ1990No50C.png
","November 26, 1990",Weekly Shonen Jump 1990 Issue #50 (Cover),"src: https://static.jojowiki.com/images/thumb/0/01/latest/20200510042239/Weekly_Jump_Nov_26%2C_1990.png/120px-Weekly_Jump_Nov_26%2C_1990.png
alt: Weekly Jump Nov 26, 1990.png
"
"src: https://static.jojowiki.com/images/thumb/5/5e/latest/20200116224308/JumpComics19.png/120px-JumpComics19.png
alt: JumpComics19.png
","December 4, 1990",Jump Comics Volume 19 (Cover),"src: https://static.jojowiki.com/images/thumb/0/07/latest/20191015215018/Volume_19.jpg/120px-Volume_19.jpg
alt: Volume 19.jpg
"
"src: https://static.jojowiki.com/images/7/7f/latest/20230515205310/VJUMP_Dec_1990_Jotaro.jpg
alt: VJUMP Dec 1990 Jotaro.jpg
","December 12, 1990",V Jump 1990 Issue #12 (Autograph),"src: https://static.jojowiki.com/images/7/7f/latest/20230515205310/VJUMP_Dec_1990_Jotaro.jpg
alt: VJUMP Dec 1990 Jotaro.jpg
src: https://static.jojowiki.com/images/thumb/c/cd/latest/20230515205310/VJUMP_Dec_1990.jpg/120px-VJUMP_Dec_1990.jpg
alt: VJUMP Dec 1990.jpg
"
"src: https://static.jojowiki.com/images/thumb/8/85/latest/20200116224940/WSJ1990No53Jotaro.jpg/120px-WSJ1990No53Jotaro.jpg
alt: WSJ1990No53Jotaro.jpg
","December 17, 1990",Weekly Shonen Jump 1990 Issue #53 (Cover),"src: https://static.jojowiki.com/images/thumb/6/6a/latest/20211124050900/Weekly_Jump_Dec_17%2C_1990.png/120px-Weekly_Jump_Dec_17%2C_1990.png
alt: Weekly Jump Dec 17, 1990.png
"
"src: https://static.jojowiki.com/images/thumb/c/c2/latest/20200116224945/WSJ1990No53SP.jpg/120px-WSJ1990No53SP.jpg
alt: WSJ1990No53SP.jpg
","December 17, 1990",Weekly Shonen Jump 1990 Issue #53 (Cover),"src: https://static.jojowiki.com/images/thumb/6/6a/latest/20211124050900/Weekly_Jump_Dec_17%2C_1990.png/120px-Weekly_Jump_Dec_17%2C_1990.png
alt: Weekly Jump Dec 17, 1990.png
"
"src: https://static.jojowiki.com/images/thumb/c/c6/latest/20221106225341/1990PresentGoods.png/120px-1990PresentGoods.png
alt: 1990PresentGoods.png
",1990,GRAND PRIX 1990 Present / Gifts Illustration,"src: https://static.jojowiki.com/images/thumb/e/e1/latest/20191015212912/GrandPrixF1Gift.jpg/120px-GrandPrixF1Gift.jpg
alt: GrandPrixF1Gift.jpg
src: https://static.jojowiki.com/images/thumb/c/cb/latest/20191015213155/GrandPrixF1Gift2.jpg/120px-GrandPrixF1Gift2.jpg
alt: GrandPrixF1Gift2.jpg
src: https://static.jojowiki.com/images/thumb/c/c6/latest/20191015215719/GrandPrixF1Gift3.jpg/120px-GrandPrixF1Gift3.jpg
alt: GrandPrixF1Gift3.jpg
"
"src: https://static.jojowiki.com/images/thumb/0/03/latest/20200116225614/WSJ1991No1Card.png/120px-WSJ1991No1Card.png
alt: WSJ1991No1Card.png
","January 1, 1991",Weekly Shonen Jump 1991 Issue #1-2(Bonus Carddass Jump '91),"src: https://static.jojowiki.com/images/thumb/b/b7/latest/20201007212219/WSJ1991No1Card2.png/120px-WSJ1991No1Card2.png
alt: WSJ1991No1Card2.png
"
"src: https://static.jojowiki.com/images/thumb/9/99/latest/20200116225623/WSJ1991No3-4.png/120px-WSJ1991No3-4.png
alt: WSJ1991No3-4.png
","January 8, 1991",Weekly Shonen Jump 1991 Issue #3-4 (Cover),"src: https://static.jojowiki.com/images/thumb/2/29/latest/20191015214416/Weekly_Jump_January_8_1991.jpg/120px-Weekly_Jump_January_8_1991.jpg
alt: Weekly Jump January 8 1991.jpg
"
"src: https://static.jojowiki.com/images/thumb/5/51/latest/20200116231054/WSJ1991PhoneCard.png/120px-WSJ1991PhoneCard.png
alt: WSJ1991PhoneCard.png
","January 28, 1991",Weekly Shonen Jump 1991 Issue #6(Telephone card Gift),"src: https://static.jojowiki.com/images/thumb/8/88/latest/20191017210740/Jotaro1991PhoneCard.png/120px-Jotaro1991PhoneCard.png
alt: Jotaro1991PhoneCard.png
"
"src: https://static.jojowiki.com/images/thumb/4/4c/latest/20220104231325/Chapter_205_JoJonium_Cover_A.png/120px-Chapter_205_JoJonium_Cover_A.png
alt: Chapter 205 JoJonium Cover A.png
","February 4, 1991",Weekly Shonen Jump 1991 Issue #7 (Color Page),"src: https://static.jojowiki.com/images/thumb/c/c9/latest/20221104203010/Chapter_205_Magazine_Cover_A.png/120px-Chapter_205_Magazine_Cover_A.png
alt: Chapter 205 Magazine Cover A.png
"
"src: https://static.jojowiki.com/images/thumb/b/be/latest/20200106152312/WSJ1991No7CLEAN.jpg/175px-WSJ1991No7CLEAN.jpg
alt: WSJ1991No7CLEAN.jpg
src: https://static.jojowiki.com/images/thumb/a/a4/latest/20220105211248/WSJ1991No7JoJonium.jpg/175px-WSJ1991No7JoJonium.jpg
alt: WSJ1991No7JoJonium.jpg
","February 4, 1991",Weekly Shonen Jump 1991 Issue #7 (Title Page),"src: https://static.jojowiki.com/images/thumb/a/a2/latest/20210613183834/Chapter_205_Magazine_Cover_B.png/175px-Chapter_205_Magazine_Cover_B.png
alt: Chapter 205 Magazine Cover B.png
"
"src: https://static.jojowiki.com/images/thumb/a/a0/latest/20220104231314/Chapter_205_JoJonium_Page_4.png/120px-Chapter_205_JoJonium_Page_4.png
alt: Chapter 205 JoJonium Page 4.png
","February 4, 1991",Weekly Shonen Jump 1991 Issue #7 (Color Page),"src: https://static.jojowiki.com/images/thumb/8/89/latest/20210613141426/Chapter_205_Magazine_Page_4.png/120px-Chapter_205_Magazine_Page_4.png
alt: Chapter 205 Magazine Page 4.png
"
"src: https://static.jojowiki.com/images/thumb/7/73/latest/20221107063518/JumpComics23.png/120px-JumpComics23.png
alt: JumpComics23.png
","May 10, 1991",Jump Comics Volume 23 (Cover),"src: https://static.jojowiki.com/images/thumb/b/b0/latest/20191015214833/Volume_23.jpg/120px-Volume_23.jpg
alt: Volume 23.jpg
"
"src: https://static.jojowiki.com/images/thumb/7/7f/latest/20210621031403/Vol24_cover_art.png/120px-Vol24_cover_art.png
alt: Vol24 cover art.png
src: https://static.jojowiki.com/images/thumb/4/4b/latest/20200116225940/CD1_2clean.jpg/120px-CD1_2clean.jpg
alt: CD1 2clean.jpg
","June 3, 1991",Weekly Shonen Jump 1991 Issue #24 (Catchphrase Grand Prix),"src: https://static.jojowiki.com/images/thumb/7/75/latest/20191015215842/WSJ1991No24-2.jpg/120px-WSJ1991No24-2.jpg
alt: WSJ1991No24-2.jpg
src: https://static.jojowiki.com/images/thumb/b/b6/latest/20191019060521/WSJ1991No24.jpg/120px-WSJ1991No24.jpg
alt: WSJ1991No24.jpg
"
"src: https://static.jojowiki.com/images/thumb/1/1f/latest/20220104231302/Chapter_225_JoJonium_Cover_A.png/120px-Chapter_225_JoJonium_Cover_A.png
alt: Chapter 225 JoJonium Cover A.png
","July 1, 1991",Weekly Shonen Jump 1991 Issue #28 (Color Page),"src: https://static.jojowiki.com/images/thumb/c/c8/latest/20221102231911/Chapter_225_Magazine_Cover_A.png/120px-Chapter_225_Magazine_Cover_A.png
alt: Chapter 225 Magazine Cover A.png
"
"src: https://static.jojowiki.com/images/thumb/5/58/latest/20200114125947/WSJ1991No28.png/175px-WSJ1991No28.png
alt: WSJ1991No28.png
","July 1, 1991",Weekly Shonen Jump 1991 Issue #28 (Title Page),"src: https://static.jojowiki.com/images/thumb/7/79/latest/20221102231422/Chapter_225_Magazine_Cover_B.png/175px-Chapter_225_Magazine_Cover_B.png
alt: Chapter 225 Magazine Cover B.png
"
"src: https://static.jojowiki.com/images/thumb/6/60/latest/20200116230252/WSJ1991No29.png/120px-WSJ1991No29.png
alt: WSJ1991No29.png
","July 8, 1991",Weekly Shonen Jump 1991 Issue #29 (Cover),"src: https://static.jojowiki.com/images/thumb/9/9b/latest/20211124050440/Weekly_Jump_July_8_1991.jpg/120px-Weekly_Jump_July_8_1991.jpg
alt: Weekly Jump July 8 1991.jpg
"
"src: https://static.jojowiki.com/images/thumb/9/9e/latest/20200116230458/WSJ1991No29B.png/120px-WSJ1991No29B.png
alt: WSJ1991No29B.png
","July 8, 1991",Weekly Shonen Jump 1991 Issue #29 (Cover),"src: https://static.jojowiki.com/images/thumb/9/9b/latest/20211124050440/Weekly_Jump_July_8_1991.jpg/120px-Weekly_Jump_July_8_1991.jpg
alt: Weekly Jump July 8 1991.jpg
"
"src: https://static.jojowiki.com/images/thumb/0/01/latest/20220104231237/Chapter_240_JoJonium_Cover_A.png/120px-Chapter_240_JoJonium_Cover_A.png
alt: Chapter 240 JoJonium Cover A.png
","October 21, 1991",Weekly Shonen Jump 1991 Issue #44 (Color Page),"src: https://static.jojowiki.com/images/thumb/6/68/latest/20221122091038/Chapter_240_Magazine_Cover_A.png/120px-Chapter_240_Magazine_Cover_A.png
alt: Chapter 240 Magazine Cover A.png
"
"src: https://static.jojowiki.com/images/thumb/1/14/latest/20200116230705/WSJ1991No44.png/175px-WSJ1991No44.png
alt: WSJ1991No44.png
","October 21, 1991",Weekly Shonen Jump 1991 Issue #44 (Title Page),"src: https://static.jojowiki.com/images/thumb/4/43/latest/20221128064818/Chapter_240_Magazine_Cover_B.png/175px-Chapter_240_Magazine_Cover_B.png
alt: Chapter 240 Magazine Cover B.png
"
"src: https://static.jojowiki.com/images/thumb/4/4f/latest/20220104231251/Chapter_240_JoJonium_Page_4.png/120px-Chapter_240_JoJonium_Page_4.png
alt: Chapter 240 JoJonium Page 4.png
","October 21, 1991",Weekly Shonen Jump 1991 Issue #44 (Color Page),"src: https://static.jojowiki.com/images/thumb/8/8c/latest/20221125062845/Chapter_240_Magazine_Page_4.png/120px-Chapter_240_Magazine_Page_4.png
alt: Chapter 240 Magazine Page 4.png
"
"src: https://static.jojowiki.com/images/thumb/5/5b/latest/20221107063914/FamicomJump2.png/120px-FamicomJump2.png
alt: FamicomJump2.png
","December 2, 1991",Famicom Jump II: Saikyo no Shichinin - Jump Comics Selection(Package Illustration),"src: https://static.jojowiki.com/images/thumb/2/27/latest/20211114195701/Jumpcomicscoverfamicom2.JPG/120px-Jumpcomicscoverfamicom2.JPG
alt: Jumpcomicscoverfamicom2.JPG
"
"src: https://static.jojowiki.com/images/thumb/f/fb/latest/20211001192523/1992_Happy_new_Year_Card.png/120px-1992_Happy_new_Year_Card.png
alt: 1992 Happy new Year Card.png
","January 13, 1992",Weekly Shonen Jump 1992 Issue #3-4(Inside Illustration),"src: https://static.jojowiki.com/images/thumb/7/7b/latest/20220405180518/Weekly_Jump_January_13_1992.jpg/120px-Weekly_Jump_January_13_1992.jpg
alt: Weekly Jump January 13 1992.jpg
"
"src: https://static.jojowiki.com/images/thumb/a/a7/latest/20191015212904/WSJ1991No3-4C.png/120px-WSJ1991No3-4C.png
alt: WSJ1991No3-4C.png
","January 13, 1992",Weekly Shonen Jump 1992 Issue #3-4(Calendar Illustration),"src: https://static.jojowiki.com/images/thumb/d/dd/latest/20221111182231/Jump1992Calender.jpg/120px-Jump1992Calender.jpg
alt: Jump1992Calender.jpg
"
